fips_value,fips,cover
1001,01001,0.38
1003,01003,0.00
1005,01005,0.89
1007,01007,0.00
1009,01009,0.00
1011,01011,1.00
1013,01013,0.00
1015,01015,0.11
1017,01017,1.00
1019,01019,0.27
1021,01021,0.14
1023,01023,0.00
1025,01025,0.00
1027,01027,1.00
1029,01029,0.44
1031,01031,0.06
1033,01033,0.00
1035,01035,0.00
1037,01037,0.90
1039,01039,0.00
1041,01041,0.07
1043,01043,0.00
1045,01045,0.20
1047,01047,0.00
1049,01049,0.46
1051,01051,0.93
1053,01053,0.00
1055,01055,0.00
1057,01057,0.00
1059,01059,0.00
1061,01061,0.00
1063,01063,0.00
1065,01065,0.00
1067,01067,0.25
1069,01069,0.00
1071,01071,0.68
1073,01073,0.00
1075,01075,0.00
1077,01077,0.08
1079,01079,0.00
1081,01081,1.00
1083,01083,0.53
1085,01085,0.00
1087,01087,1.00
1089,01089,0.30
1091,01091,0.00
1093,01093,0.00
1095,01095,0.00
1097,01097,0.00
1099,01099,0.00
1101,01101,0.90
1103,01103,0.00
1105,01105,0.00
1107,01107,0.00
1109,01109,0.50
1111,01111,1.00
1113,01113,1.00
1115,01115,0.00
1117,01117,0.00
1119,01119,0.00
1121,01121,0.62
1123,01123,1.00
1125,01125,0.00
1127,01127,0.00
1129,01129,0.00
1131,01131,0.00
1133,01133,0.00
2013,02013,0.00
2016,02016,0.00
2020,02020,0.00
2050,02050,0.00
2060,02060,0.00
2068,02068,0.00
2070,02070,0.00
2090,02090,0.00
2100,02100,0.00
2105,02105,0.00
2110,02110,0.00
2122,02122,0.00
2130,02130,0.00
2150,02150,0.00
2164,02164,0.00
2170,02170,0.00
2180,02180,0.00
2185,02185,0.00
2188,02188,0.00
2195,02195,0.00
2198,02198,0.00
2220,02220,0.00
2230,02230,0.00
2240,02240,0.00
2261,02261,0.00
2275,02275,0.00
2282,02282,0.00
2290,02290,0.00
4001,04001,0.30
4003,04003,0.04
4005,04005,0.61
4007,04007,1.00
4009,04009,0.64
4011,04011,0.00
4012,04012,1.00
4013,04013,1.00
4015,04015,1.00
4017,04017,0.57
4019,04019,0.97
4021,04021,1.00
4023,04023,0.40
4025,04025,1.00
4027,04027,0.73
5001,05001,1.00
5003,05003,1.00
5005,05005,1.00
5007,05007,1.00
5009,05009,1.00
5011,05011,1.00
5013,05013,1.00
5015,05015,1.00
5017,05017,1.00
5019,05019,1.00
5021,05021,1.00
5023,05023,1.00
5025,05025,1.00
5027,05027,1.00
5029,05029,1.00
5031,05031,1.00
5033,05033,1.00
5035,05035,1.00
5037,05037,1.00
5039,05039,1.00
5041,05041,1.00
5043,05043,1.00
5045,05045,1.00
5047,05047,1.00
5049,05049,1.00
5051,05051,1.00
5053,05053,1.00
5055,05055,1.00
5057,05057,1.00
5059,05059,1.00
5061,05061,1.00
5063,05063,1.00
5065,05065,1.00
5067,05067,1.00
5069,05069,1.00
5071,05071,1.00
5073,05073,1.00
5075,05075,1.00
5077,05077,1.00
5079,05079,1.00
5081,05081,1.00
5083,05083,1.00
5085,05085,1.00
5087,05087,1.00
5089,05089,1.00
5091,05091,1.00
5093,05093,1.00
5095,05095,1.00
5097,05097,1.00
5099,05099,1.00
5101,05101,1.00
5103,05103,1.00
5105,05105,1.00
5107,05107,1.00
5109,05109,1.00
5111,05111,1.00
5113,05113,1.00
5115,05115,1.00
5117,05117,1.00
5119,05119,1.00
5121,05121,1.00
5123,05123,1.00
5125,05125,1.00
5127,05127,1.00
5129,05129,1.00
5131,05131,1.00
5133,05133,1.00
5135,05135,1.00
5137,05137,1.00
5139,05139,1.00
5141,05141,1.00
5143,05143,1.00
5145,05145,1.00
5147,05147,1.00
5149,05149,1.00
6001,06001,0.33
6003,06003,0.50
6005,06005,1.00
6007,06007,0.84
6009,06009,1.00
6011,06011,0.91
6013,06013,0.98
6015,06015,0.00
6017,06017,0.96
6019,06019,1.00
6021,06021,0.50
6023,06023,0.00
6025,06025,0.26
6027,06027,0.42
6029,06029,0.48
6031,06031,1.00
6033,06033,0.44
6035,06035,0.00
6037,06037,1.00
6039,06039,1.00
6041,06041,0.00
6043,06043,1.00
6045,06045,0.00
6047,06047,1.00
6049,06049,0.00
6051,06051,0.13
6053,06053,0.18
6055,06055,1.00
6057,06057,0.94
6059,06059,1.00
6061,06061,0.94
6063,06063,0.11
6065,06065,0.87
6067,06067,1.00
6069,06069,0.43
6071,06071,1.00
6073,06073,1.00
6075,06075,0.00
6077,06077,1.00
6079,06079,1.00
6081,06081,0.00
6083,06083,1.00
6085,06085,0.01
6087,06087,0.00
6089,06089,0.00
6091,06091,0.78
6093,06093,0.00
6095,06095,1.00
6097,06097,0.29
6099,06099,0.91
6101,06101,1.00
6103,06103,0.00
6105,06105,0.00
6107,06107,0.90
6109,06109,0.82
6111,06111,1.00
6113,06113,1.00
6115,06115,1.00
8001,08001,0.00
8003,08003,0.00
8005,08005,0.00
8007,08007,0.83
8009,08009,0.00
8011,08011,0.00
8013,08013,0.00
8014,08014,0.00
8015,08015,0.00
8017,08017,0.00
8019,08019,0.00
8021,08021,0.88
8023,08023,0.57
8025,08025,0.00
8027,08027,0.00
8029,08029,0.00
8031,08031,0.00
8033,08033,0.00
8035,08035,0.00
8037,08037,0.00
8039,08039,0.00
8041,08041,0.00
8043,08043,0.00
8045,08045,0.00
8047,08047,0.00
8049,08049,0.00
8051,08051,0.00
8053,08053,0.33
8055,08055,0.00
8057,08057,0.00
8059,08059,0.00
8061,08061,0.00
8063,08063,0.00
8065,08065,0.00
8067,08067,0.25
8069,08069,0.00
8071,08071,0.00
8073,08073,0.00
8075,08075,0.00
8077,08077,0.00
8079,08079,0.00
8081,08081,0.00
8083,08083,0.00
8085,08085,0.00
8087,08087,0.00
8089,08089,0.00
8091,08091,0.00
8093,08093,0.00
8095,08095,0.00
8097,08097,0.00
8099,08099,0.00
8101,08101,0.00
8103,08103,0.00
8105,08105,0.14
8107,08107,0.00
8109,08109,0.00
8111,08111,0.00
8113,08113,0.00
8115,08115,0.00
8117,08117,0.00
8119,08119,0.00
8121,08121,0.00
8123,08123,0.00
8125,08125,0.00
9001,09001,1.00
9003,09003,1.00
9005,09005,1.00
9007,09007,1.00
9009,09009,1.00
9011,09011,1.00
9013,09013,1.00
9015,09015,1.00
10001,10001,1.00
10003,10003,1.00
10005,10005,1.00
11001,11001,1.00
12001,12001,0.94
12003,12003,0.75
12005,12005,0.00
12007,12007,1.00
12009,12009,0.98
12011,12011,1.00
12013,12013,0.00
12015,12015,1.00
12017,12017,0.00
12019,12019,1.00
12021,12021,0.69
12023,12023,0.00
12027,12027,1.00
12029,12029,0.00
12031,12031,1.00
12033,12033,0.00
12035,12035,1.00
12037,12037,0.00
12039,12039,0.00
12041,12041,0.00
12043,12043,0.40
12045,12045,0.00
12047,12047,0.00
12049,12049,1.00
12051,12051,0.29
12053,12053,0.50
12055,12055,0.92
12057,12057,1.00
12059,12059,0.00
12061,12061,0.63
12063,12063,0.00
12065,12065,0.00
12067,12067,0.00
12069,12069,1.00
12071,12071,0.67
12073,12073,0.00
12075,12075,0.14
12077,12077,0.00
12079,12079,0.00
12081,12081,1.00
12083,12083,0.93
12085,12085,1.00
12086,12086,1.00
12087,12087,0.23
12089,12089,0.88
12091,12091,0.00
12093,12093,0.67
12095,12095,1.00
12097,12097,0.96
12099,12099,1.00
12101,12101,1.00
12103,12103,1.00
12105,12105,1.00
12107,12107,1.00
12109,12109,1.00
12111,12111,0.96
12113,12113,0.00
12115,12115,0.97
12117,12117,1.00
12119,12119,1.00
12121,12121,0.00
12123,12123,0.00
12125,12125,1.00
12127,12127,1.00
12129,12129,0.00
12131,12131,0.00
12133,12133,0.00
13001,13001,0.00
13003,13003,0.00
13005,13005,0.00
13007,13007,0.00
13009,13009,0.00
13011,13011,1.00
13013,13013,1.00
13015,13015,1.00
13017,13017,0.00
13019,13019,0.00
13021,13021,0.05
13023,13023,0.00
13025,13025,0.00
13027,13027,0.00
13029,13029,0.00
13031,13031,0.00
13033,13033,0.00
13035,13035,0.29
13037,13037,0.43
13039,13039,0.00
13043,13043,0.00
13045,13045,0.80
13047,13047,1.00
13049,13049,0.00
13051,13051,0.00
13053,13053,1.00
13055,13055,1.00
13057,13057,1.00
13059,13059,1.00
13061,13061,0.57
13063,13063,0.05
13065,13065,0.00
13067,13067,0.77
13069,13069,0.00
13071,13071,0.00
13073,13073,0.00
13075,13075,0.00
13077,13077,1.00
13079,13079,0.43
13081,13081,0.00
13083,13083,1.00
13085,13085,0.86
13087,13087,0.00
13089,13089,0.49
13091,13091,0.00
13093,13093,0.00
13095,13095,0.08
13097,13097,0.27
13099,13099,0.00
13101,13101,0.00
13103,13103,0.00
13105,13105,1.00
13107,13107,0.00
13109,13109,0.00
13111,13111,1.00
13113,13113,0.67
13115,13115,0.94
13117,13117,1.00
13119,13119,1.00
13121,13121,0.33
13123,13123,1.00
13125,13125,0.00
13127,13127,0.00
13129,13129,1.00
13131,13131,0.00
13133,13133,0.00
13135,13135,0.97
13137,13137,1.00
13139,13139,1.00
13141,13141,0.00
13143,13143,0.14
13145,13145,1.00
13147,13147,1.00
13149,13149,1.00
13151,13151,0.09
13153,13153,0.00
13155,13155,0.00
13157,13157,1.00
13159,13159,0.00
13161,13161,0.00
13163,13163,0.00
13165,13165,0.00
13167,13167,0.00
13169,13169,0.00
13171,13171,0.89
13173,13173,0.00
13175,13175,0.00
13177,13177,0.13
13179,13179,0.00
13181,13181,0.00
13183,13183,0.00
13185,13185,0.00
13187,13187,1.00
13189,13189,0.00
13191,13191,0.00
13193,13193,0.55
13195,13195,1.00
13197,13197,1.00
13199,13199,1.00
13201,13201,0.00
13205,13205,0.00
13207,13207,0.36
13209,13209,0.00
13211,13211,0.00
13213,13213,1.00
13215,13215,1.00
13217,13217,0.08
13219,13219,0.70
13221,13221,0.70
13223,13223,0.45
13225,13225,0.25
13227,13227,1.00
13229,13229,0.00
13231,13231,1.00
13233,13233,0.56
13235,13235,0.00
13237,13237,0.00
13239,13239,1.00
13241,13241,1.00
13243,13243,0.71
13245,13245,0.00
13247,13247,0.20
13249,13249,1.00
13251,13251,0.00
13253,13253,0.00
13255,13255,0.78
13257,13257,1.00
13259,13259,1.00
13261,13261,0.44
13263,13263,1.00
13265,13265,0.00
13267,13267,0.00
13269,13269,1.00
13271,13271,0.00
13273,13273,0.43
13275,13275,0.00
13277,13277,0.00
13279,13279,0.00
13281,13281,1.00
13283,13283,0.00
13285,13285,1.00
13287,13287,0.00
13289,13289,0.00
13291,13291,1.00
13293,13293,1.00
13295,13295,1.00
13297,13297,0.38
13299,13299,0.00
13301,13301,0.00
13303,13303,0.00
13305,13305,0.00
13307,13307,1.00
13309,13309,0.00
13311,13311,1.00
13313,13313,1.00
13315,13315,0.00
13317,13317,0.00
13319,13319,0.00
13321,13321,0.00
15001,15001,0.00
15003,15003,0.00
15005,15005,0.00
15007,15007,0.00
15009,15009,0.00
16001,16001,0.00
16003,16003,0.00
16005,16005,1.00
16007,16007,1.00
16009,16009,0.00
16011,16011,1.00
16013,16013,1.00
16015,16015,0.00
16017,16017,0.00
16019,16019,1.00
16021,16021,0.00
16023,16023,1.00
16025,16025,0.50
16027,16027,0.00
16029,16029,1.00
16031,16031,1.00
16033,16033,1.00
16035,16035,0.00
16037,16037,0.86
16039,16039,0.13
16041,16041,1.00
16043,16043,1.00
16045,16045,0.00
16047,16047,0.63
16049,16049,0.00
16051,16051,1.00
16053,16053,0.80
16055,16055,0.00
16057,16057,0.00
16059,16059,0.58
16061,16061,0.00
16063,16063,1.00
16065,16065,1.00
16067,16067,1.00
16069,16069,0.00
16071,16071,1.00
16073,16073,0.00
16075,16075,0.00
16077,16077,1.00
16079,16079,0.00
16081,16081,1.00
16083,16083,0.50
16085,16085,0.00
16087,16087,0.00
17001,17001,0.00
17003,17003,1.00
17005,17005,0.00
17007,17007,0.94
17009,17009,0.00
17011,17011,0.03
17013,17013,0.00
17015,17015,0.00
17017,17017,0.00
17019,17019,1.00
17021,17021,0.00
17023,17023,1.00
17025,17025,0.00
17027,17027,0.00
17029,17029,0.87
17031,17031,1.00
17033,17033,0.82
17035,17035,0.62
17037,17037,1.00
17039,17039,0.43
17041,17041,1.00
17043,17043,1.00
17045,17045,1.00
17047,17047,0.83
17049,17049,0.00
17051,17051,0.00
17053,17053,1.00
17055,17055,1.00
17057,17057,0.00
17059,17059,1.00
17061,17061,0.00
17063,17063,1.00
17065,17065,1.00
17067,17067,0.00
17069,17069,0.80
17071,17071,0.00
17073,17073,0.00
17075,17075,1.00
17077,17077,1.00
17079,17079,0.31
17081,17081,0.59
17083,17083,0.00
17085,17085,0.00
17087,17087,1.00
17089,17089,1.00
17091,17091,1.00
17093,17093,1.00
17095,17095,0.00
17097,17097,1.00
17099,17099,0.76
17101,17101,0.33
17103,17103,0.38
17105,17105,0.97
17107,17107,0.00
17109,17109,0.00
17111,17111,1.00
17113,17113,0.70
17115,17115,0.14
17117,17117,0.00
17119,17119,0.00
17121,17121,0.00
17123,17123,0.06
17125,17125,0.00
17127,17127,1.00
17129,17129,0.00
17131,17131,0.00
17133,17133,1.00
17135,17135,0.00
17137,17137,0.00
17139,17139,0.56
17141,17141,0.46
17143,17143,0.00
17145,17145,1.00
17147,17147,1.00
17149,17149,0.00
17151,17151,1.00
17153,17153,1.00
17155,17155,0.00
17157,17157,1.00
17159,17159,0.00
17161,17161,0.00
17163,17163,0.32
17165,17165,1.00
17167,17167,0.00
17169,17169,0.00
17171,17171,0.00
17173,17173,0.05
17175,17175,0.00
17177,17177,0.00
17179,17179,0.00
17181,17181,1.00
17183,17183,1.00
17185,17185,0.71
17187,17187,0.00
17189,17189,0.64
17191,17191,0.37
17193,17193,1.00
17195,17195,0.00
17197,17197,1.00
17199,17199,1.00
17201,17201,0.64
17203,17203,0.21
18001,18001,1.00
18003,18003,1.00
18005,18005,1.00
18007,18007,1.00
18009,18009,1.00
18011,18011,1.00
18013,18013,1.00
18015,18015,1.00
18017,18017,1.00
18019,18019,1.00
18021,18021,1.00
18023,18023,1.00
18025,18025,1.00
18027,18027,1.00
18029,18029,1.00
18031,18031,1.00
18033,18033,1.00
18035,18035,1.00
18037,18037,1.00
18039,18039,1.00
18041,18041,1.00
18043,18043,1.00
18045,18045,1.00
18047,18047,1.00
18049,18049,1.00
18051,18051,1.00
18053,18053,1.00
18055,18055,1.00
18057,18057,1.00
18059,18059,1.00
18061,18061,1.00
18063,18063,1.00
18065,18065,1.00
18067,18067,1.00
18069,18069,1.00
18071,18071,1.00
18073,18073,1.00
18075,18075,1.00
18077,18077,1.00
18079,18079,1.00
18081,18081,1.00
18083,18083,1.00
18085,18085,1.00
18087,18087,1.00
18089,18089,1.00
18091,18091,1.00
18093,18093,1.00
18095,18095,1.00
18097,18097,1.00
18099,18099,1.00
18101,18101,1.00
18103,18103,1.00
18105,18105,1.00
18107,18107,1.00
18109,18109,1.00
18111,18111,1.00
18113,18113,1.00
18115,18115,1.00
18117,18117,1.00
18119,18119,1.00
18121,18121,1.00
18123,18123,1.00
18125,18125,1.00
18127,18127,1.00
18129,18129,1.00
18131,18131,1.00
18133,18133,1.00
18135,18135,1.00
18137,18137,1.00
18139,18139,1.00
18141,18141,1.00
18143,18143,1.00
18145,18145,1.00
18147,18147,1.00
18149,18149,1.00
18151,18151,1.00
18153,18153,1.00
18155,18155,1.00
18157,18157,1.00
18159,18159,1.00
18161,18161,1.00
18163,18163,1.00
18165,18165,1.00
18167,18167,1.00
18169,18169,1.00
18171,18171,1.00
18173,18173,1.00
18175,18175,1.00
18177,18177,1.00
18179,18179,1.00
18181,18181,1.00
18183,18183,1.00
19001,19001,1.00
19003,19003,1.00
19005,19005,0.00
19007,19007,0.00
19009,19009,1.00
19011,19011,0.00
19013,19013,0.00
19015,19015,0.05
19017,19017,0.00
19019,19019,0.00
19021,19021,0.29
19023,19023,0.00
19025,19025,0.36
19027,19027,1.00
19029,19029,1.00
19031,19031,0.00
19033,19033,0.00
19035,19035,0.67
19037,19037,0.00
19039,19039,0.50
19041,19041,0.00
19043,19043,0.00
19045,19045,0.00
19047,19047,1.00
19049,19049,0.50
19051,19051,0.00
19053,19053,0.45
19055,19055,0.00
19057,19057,0.00
19059,19059,0.00
19061,19061,0.00
19063,19063,0.00
19065,19065,0.00
19067,19067,0.00
19069,19069,0.00
19071,19071,1.00
19073,19073,0.67
19075,19075,0.00
19077,19077,1.00
19079,19079,0.00
19081,19081,0.00
19083,19083,0.00
19085,19085,1.00
19087,19087,0.00
19089,19089,0.00
19091,19091,0.00
19093,19093,1.00
19095,19095,0.00
19097,19097,0.00
19099,19099,0.00
19101,19101,0.00
19103,19103,0.00
19105,19105,0.00
19107,19107,0.00
19109,19109,0.00
19111,19111,0.00
19113,19113,0.00
19115,19115,0.00
19117,19117,0.00
19119,19119,0.00
19121,19121,0.60
19123,19123,0.00
19125,19125,0.00
19127,19127,0.00
19129,19129,1.00
19131,19131,0.00
19133,19133,1.00
19135,19135,0.00
19137,19137,1.00
19139,19139,0.00
19141,19141,0.13
19143,19143,0.00
19145,19145,1.00
19147,19147,0.00
19149,19149,0.68
19151,19151,0.00
19153,19153,0.00
19155,19155,1.00
19157,19157,0.00
19159,19159,1.00
19161,19161,0.82
19163,19163,0.00
19165,19165,1.00
19167,19167,0.16
19169,19169,0.00
19171,19171,0.00
19173,19173,1.00
19175,19175,1.00
19177,19177,0.00
19179,19179,0.00
19181,19181,0.04
19183,19183,0.00
19185,19185,0.00
19187,19187,0.00
19189,19189,0.00
19191,19191,0.00
19193,19193,1.00
19195,19195,0.00
19197,19197,0.00
20001,20001,1.00
20003,20003,1.00
20005,20005,1.00
20007,20007,0.92
20009,20009,0.00
20011,20011,1.00
20013,20013,1.00
20015,20015,0.36
20017,20017,0.00
20019,20019,0.91
20021,20021,1.00
20023,20023,0.00
20025,20025,0.00
20027,20027,1.00
20029,20029,1.00
20031,20031,0.50
20033,20033,0.67
20035,20035,1.00
20037,20037,1.00
20039,20039,0.00
20041,20041,0.83
20043,20043,1.00
20045,20045,0.77
20047,20047,0.00
20049,20049,0.56
20051,20051,0.00
20053,20053,0.10
20055,20055,0.00
20057,20057,0.00
20059,20059,0.77
20061,20061,1.00
20063,20063,0.00
20065,20065,0.00
20067,20067,0.00
20069,20069,0.00
20071,20071,0.00
20073,20073,0.09
20075,20075,0.00
20077,20077,1.00
20079,20079,0.00
20081,20081,0.00
20083,20083,0.00
20085,20085,1.00
20087,20087,1.00
20089,20089,1.00
20091,20091,0.93
20093,20093,0.00
20095,20095,0.91
20097,20097,0.00
20099,20099,1.00
20101,20101,0.00
20103,20103,0.92
20105,20105,0.67
20107,20107,1.00
20109,20109,0.00
20111,20111,0.18
20113,20113,0.00
20115,20115,0.05
20117,20117,1.00
20119,20119,0.00
20121,20121,1.00
20123,20123,1.00
20125,20125,1.00
20127,20127,0.75
20129,20129,0.00
20131,20131,1.00
20133,20133,1.00
20135,20135,0.00
20137,20137,0.00
20139,20139,0.56
20141,20141,0.36
20143,20143,1.00
20145,20145,0.00
20147,20147,0.33
20149,20149,1.00
20151,20151,0.27
20153,20153,0.00
20155,20155,0.13
20157,20157,1.00
20159,20159,0.00
20161,20161,1.00
20163,20163,0.00
20165,20165,0.00
20167,20167,0.00
20169,20169,0.45
20171,20171,0.00
20173,20173,0.69
20175,20175,0.00
20177,20177,1.00
20179,20179,0.00
20181,20181,0.00
20183,20183,1.00
20185,20185,0.00
20187,20187,0.00
20189,20189,0.00
20191,20191,1.00
20193,20193,0.00
20195,20195,0.00
20197,20197,1.00
20199,20199,0.00
20201,20201,1.00
20203,20203,0.00
20205,20205,0.90
20207,20207,0.80
20209,20209,0.63
21001,21001,1.00
21003,21003,1.00
21005,21005,1.00
21007,21007,1.00
21009,21009,1.00
21011,21011,1.00
21013,21013,1.00
21015,21015,1.00
21017,21017,1.00
21019,21019,1.00
21021,21021,1.00
21023,21023,1.00
21025,21025,1.00
21027,21027,1.00
21029,21029,1.00
21031,21031,1.00
21033,21033,1.00
21035,21035,1.00
21037,21037,1.00
21039,21039,1.00
21041,21041,1.00
21043,21043,1.00
21045,21045,1.00
21047,21047,1.00
21049,21049,1.00
21051,21051,1.00
21053,21053,1.00
21055,21055,1.00
21057,21057,1.00
21059,21059,1.00
21061,21061,1.00
21063,21063,1.00
21065,21065,1.00
21067,21067,1.00
21069,21069,1.00
21071,21071,1.00
21073,21073,1.00
21075,21075,1.00
21077,21077,1.00
21079,21079,1.00
21081,21081,1.00
21083,21083,1.00
21085,21085,1.00
21087,21087,1.00
21089,21089,1.00
21091,21091,1.00
21093,21093,1.00
21095,21095,1.00
21097,21097,1.00
21099,21099,1.00
21101,21101,1.00
21103,21103,1.00
21105,21105,1.00
21107,21107,1.00
21109,21109,1.00
21111,21111,1.00
21113,21113,1.00
21115,21115,1.00
21117,21117,1.00
21119,21119,1.00
21121,21121,1.00
21123,21123,1.00
21125,21125,1.00
21127,21127,1.00
21129,21129,1.00
21131,21131,1.00
21133,21133,1.00
21135,21135,1.00
21137,21137,1.00
21139,21139,1.00
21141,21141,1.00
21143,21143,1.00
21145,21145,1.00
21147,21147,1.00
21149,21149,1.00
21151,21151,1.00
21153,21153,1.00
21155,21155,1.00
21157,21157,1.00
21159,21159,1.00
21161,21161,1.00
21163,21163,1.00
21165,21165,1.00
21167,21167,1.00
21169,21169,1.00
21171,21171,1.00
21173,21173,1.00
21175,21175,1.00
21177,21177,1.00
21179,21179,1.00
21181,21181,1.00
21183,21183,1.00
21185,21185,1.00
21187,21187,1.00
21189,21189,1.00
21191,21191,1.00
21193,21193,1.00
21195,21195,1.00
21197,21197,1.00
21199,21199,1.00
21201,21201,1.00
21203,21203,1.00
21205,21205,1.00
21207,21207,1.00
21209,21209,1.00
21211,21211,1.00
21213,21213,1.00
21215,21215,1.00
21217,21217,1.00
21219,21219,1.00
21221,21221,1.00
21223,21223,1.00
21225,21225,1.00
21227,21227,1.00
21229,21229,1.00
21231,21231,1.00
21233,21233,1.00
21235,21235,1.00
21237,21237,1.00
21239,21239,1.00
22001,22001,0.00
22003,22003,0.47
22005,22005,0.00
22007,22007,0.00
22009,22009,0.00
22011,22011,1.00
22013,22013,0.29
22015,22015,0.23
22017,22017,0.10
22019,22019,1.00
22021,22021,0.00
22023,22023,0.78
22025,22025,0.00
22027,22027,0.91
22029,22029,0.00
22031,22031,0.00
22033,22033,0.00
22035,22035,0.25
22037,22037,0.00
22039,22039,0.00
22041,22041,0.00
22043,22043,0.00
22045,22045,0.00
22047,22047,0.00
22049,22049,0.33
22051,22051,0.00
22053,22053,0.55
22055,22055,0.00
22057,22057,0.00
22059,22059,0.00
22061,22061,1.00
22063,22063,0.00
22065,22065,0.00
22067,22067,0.88
22069,22069,0.00
22071,22071,0.00
22073,22073,0.81
22075,22075,0.00
22077,22077,0.00
22079,22079,0.00
22081,22081,0.00
22083,22083,0.13
22085,22085,0.43
22087,22087,0.00
22089,22089,0.00
22091,22091,0.00
22093,22093,0.00
22095,22095,0.00
22097,22097,0.00
22099,22099,0.00
22101,22101,0.00
22103,22103,0.00
22105,22105,0.00
22107,22107,0.00
22109,22109,0.00
22111,22111,1.00
22113,22113,0.00
22115,22115,0.50
22117,22117,0.00
22119,22119,0.54
22121,22121,0.00
22123,22123,0.57
22125,22125,0.00
22127,22127,0.00
23001,23001,0.00
23003,23003,0.00
23005,23005,0.42
23007,23007,0.00
23009,23009,0.00
23011,23011,0.00
23013,23013,0.00
23015,23015,0.00
23017,23017,0.00
23019,23019,0.00
23021,23021,0.00
23023,23023,0.00
23025,23025,0.00
23027,23027,0.00
23029,23029,0.00
23031,23031,0.98
24001,24001,1.00
24003,24003,1.00
24005,24005,1.00
24009,24009,1.00
24011,24011,1.00
24013,24013,1.00
24015,24015,1.00
24017,24017,1.00
24019,24019,1.00
24021,24021,1.00
24023,24023,1.00
24025,24025,1.00
24027,24027,1.00
24029,24029,1.00
24031,24031,1.00
24033,24033,0.99
24035,24035,1.00
24037,24037,1.00
24039,24039,1.00
24041,24041,1.00
24043,24043,1.00
24045,24045,1.00
24047,24047,1.00
24510,24510,1.00
25001,25001,1.00
25003,25003,1.00
25005,25005,1.00
25007,25007,1.00
25009,25009,1.00
25011,25011,1.00
25013,25013,1.00
25015,25015,1.00
25017,25017,1.00
25019,25019,1.00
25021,25021,1.00
25023,25023,1.00
25025,25025,1.00
25027,25027,1.00
26001,26001,0.00
26003,26003,0.00
26005,26005,0.93
26007,26007,0.00
26009,26009,0.00
26011,26011,0.00
26013,26013,0.00
26015,26015,0.89
26017,26017,0.00
26019,26019,0.00
26021,26021,1.00
26023,26023,1.00
26025,26025,1.00
26027,26027,1.00
26029,26029,0.00
26031,26031,0.00
26033,26033,0.00
26035,26035,0.00
26037,26037,0.00
26039,26039,0.00
26041,26041,0.00
26043,26043,0.00
26045,26045,0.48
26047,26047,0.00
26049,26049,0.00
26051,26051,0.00
26053,26053,0.00
26055,26055,0.00
26057,26057,0.00
26059,26059,1.00
26061,26061,0.00
26063,26063,0.00
26065,26065,0.07
26067,26067,0.00
26069,26069,0.00
26071,26071,0.00
26073,26073,0.00
26075,26075,0.77
26077,26077,1.00
26079,26079,0.00
26081,26081,0.10
26083,26083,0.00
26085,26085,0.00
26087,26087,0.00
26089,26089,0.00
26091,26091,0.96
26093,26093,0.00
26095,26095,0.00
26097,26097,0.00
26099,26099,0.00
26101,26101,0.00
26103,26103,0.00
26105,26105,0.00
26107,26107,0.00
26109,26109,0.00
26111,26111,0.00
26113,26113,0.00
26115,26115,0.96
26117,26117,0.00
26119,26119,0.00
26121,26121,0.00
26123,26123,0.00
26125,26125,0.00
26127,26127,0.00
26129,26129,0.00
26131,26131,0.00
26133,26133,0.00
26135,26135,0.00
26137,26137,0.00
26139,26139,0.21
26141,26141,0.00
26143,26143,0.00
26145,26145,0.00
26147,26147,0.00
26149,26149,1.00
26151,26151,0.00
26153,26153,0.00
26155,26155,0.00
26157,26157,0.00
26159,26159,1.00
26161,26161,0.22
26163,26163,0.08
26165,26165,0.00
27001,27001,1.00
27003,27003,1.00
27005,27005,1.00
27007,27007,0.83
27009,27009,1.00
27011,27011,0.82
27013,27013,1.00
27015,27015,1.00
27017,27017,1.00
27019,27019,1.00
27021,27021,1.00
27023,27023,1.00
27025,27025,1.00
27027,27027,0.50
27029,27029,0.78
27031,27031,0.00
27033,27033,0.71
27035,27035,1.00
27037,27037,1.00
27039,27039,1.00
27041,27041,1.00
27043,27043,0.69
27045,27045,0.18
27047,27047,0.74
27049,27049,1.00
27051,27051,1.00
27053,27053,1.00
27055,27055,0.00
27057,27057,1.00
27059,27059,1.00
27061,27061,0.97
27063,27063,0.21
27065,27065,1.00
27067,27067,1.00
27069,27069,0.00
27071,27071,0.40
27073,27073,0.91
27075,27075,0.75
27077,27077,0.00
27079,27079,1.00
27081,27081,0.27
27083,27083,0.59
27085,27085,1.00
27087,27087,0.78
27089,27089,0.00
27091,27091,0.47
27093,27093,1.00
27095,27095,1.00
27097,27097,1.00
27099,27099,0.53
27101,27101,0.12
27103,27103,1.00
27105,27105,0.00
27107,27107,0.38
27109,27109,0.95
27111,27111,1.00
27113,27113,0.00
27115,27115,1.00
27117,27117,0.00
27119,27119,0.13
27121,27121,1.00
27123,27123,1.00
27125,27125,0.00
27127,27127,1.00
27129,27129,1.00
27131,27131,1.00
27133,27133,0.00
27135,27135,0.00
27137,27137,0.90
27139,27139,1.00
27141,27141,1.00
27143,27143,1.00
27145,27145,1.00
27147,27147,1.00
27149,27149,1.00
27151,27151,1.00
27153,27153,1.00
27155,27155,0.82
27157,27157,1.00
27159,27159,1.00
27161,27161,1.00
27163,27163,1.00
27165,27165,1.00
27167,27167,1.00
27169,27169,0.43
27171,27171,1.00
27173,27173,0.88
28001,28001,0.00
28003,28003,0.00
28005,28005,0.00
28007,28007,0.00
28009,28009,0.18
28011,28011,1.00
28013,28013,0.00
28015,28015,0.00
28017,28017,0.00
28019,28019,0.00
28021,28021,0.00
28023,28023,0.00
28025,28025,0.00
28027,28027,1.00
28029,28029,0.00
28031,28031,0.00
28033,28033,1.00
28035,28035,0.00
28037,28037,0.00
28039,28039,0.00
28041,28041,0.00
28043,28043,0.09
28045,28045,0.00
28047,28047,0.00
28049,28049,0.00
28051,28051,0.00
28053,28053,0.29
28055,28055,0.33
28057,28057,0.00
28059,28059,0.00
28061,28061,0.00
28063,28063,0.00
28065,28065,0.00
28067,28067,0.00
28069,28069,0.00
28071,28071,0.21
28073,28073,0.00
28075,28075,0.00
28077,28077,0.00
28079,28079,0.00
28081,28081,0.00
28083,28083,0.54
28085,28085,0.00
28087,28087,0.00
28089,28089,0.00
28091,28091,0.00
28093,28093,0.90
28095,28095,0.00
28097,28097,0.00
28099,28099,0.00
28101,28101,0.00
28103,28103,0.00
28105,28105,0.00
28107,28107,0.86
28109,28109,0.00
28111,28111,0.00
28113,28113,0.00
28115,28115,0.00
28117,28117,0.00
28119,28119,1.00
28121,28121,0.00
28123,28123,0.00
28125,28125,0.67
28127,28127,0.00
28129,28129,0.00
28131,28131,0.00
28133,28133,0.94
28135,28135,0.71
28137,28137,1.00
28139,28139,0.00
28141,28141,0.00
28143,28143,1.00
28145,28145,0.00
28147,28147,0.00
28149,28149,0.00
28151,28151,0.94
28153,28153,0.00
28155,28155,0.00
28157,28157,0.00
28159,28159,0.00
28161,28161,0.17
28163,28163,0.00
29001,29001,0.00
29003,29003,1.00
29005,29005,1.00
29007,29007,0.21
29009,29009,1.00
29011,29011,1.00
29013,29013,1.00
29015,29015,1.00
29017,29017,1.00
29019,29019,0.95
29021,29021,1.00
29023,29023,1.00
29025,29025,0.20
29027,29027,0.80
29029,29029,1.00
29031,29031,1.00
29033,29033,0.36
29035,29035,1.00
29037,29037,1.00
29039,29039,1.00
29041,29041,0.08
29043,29043,1.00
29045,29045,0.00
29047,29047,0.42
29049,29049,0.75
29051,29051,1.00
29053,29053,1.00
29055,29055,1.00
29057,29057,1.00
29059,29059,1.00
29061,29061,0.53
29063,29063,1.00
29065,29065,1.00
29067,29067,1.00
29069,29069,1.00
29071,29071,1.00
29073,29073,1.00
29075,29075,1.00
29077,29077,1.00
29079,29079,0.00
29081,29081,0.85
29083,29083,1.00
29085,29085,1.00
29087,29087,1.00
29089,29089,0.80
29091,29091,1.00
29093,29093,1.00
29095,29095,0.92
29097,29097,1.00
29099,29099,1.00
29101,29101,1.00
29103,29103,0.00
29105,29105,1.00
29107,29107,1.00
29109,29109,1.00
29111,29111,0.00
29113,29113,0.06
29115,29115,0.00
29117,29117,0.00
29119,29119,1.00
29121,29121,0.00
29123,29123,1.00
29125,29125,1.00
29127,29127,0.00
29129,29129,0.00
29131,29131,1.00
29133,29133,1.00
29135,29135,1.00
29137,29137,0.07
29139,29139,0.27
29141,29141,1.00
29143,29143,1.00
29145,29145,1.00
29147,29147,1.00
29149,29149,1.00
29151,29151,1.00
29153,29153,1.00
29155,29155,1.00
29157,29157,1.00
29159,29159,1.00
29161,29161,1.00
29163,29163,0.00
29165,29165,0.78
29167,29167,1.00
29169,29169,1.00
29171,29171,0.00
29173,29173,0.00
29175,29175,0.15
29177,29177,0.42
29179,29179,1.00
29181,29181,1.00
29183,29183,0.56
29185,29185,1.00
29186,29186,1.00
29187,29187,1.00
29189,29189,0.45
29195,29195,1.00
29197,29197,0.00
29199,29199,0.00
29201,29201,1.00
29203,29203,1.00
29205,29205,0.00
29207,29207,1.00
29209,29209,1.00
29211,29211,0.00
29213,29213,1.00
29215,29215,1.00
29217,29217,1.00
29219,29219,0.38
29221,29221,1.00
29223,29223,1.00
29225,29225,1.00
29227,29227,1.00
29229,29229,1.00
29510,29510,0.16
30001,30001,0.56
30003,30003,0.00
30005,30005,0.00
30007,30007,0.00
30009,30009,0.00
30011,30011,0.00
30013,30013,0.00
30015,30015,0.00
30017,30017,0.00
30019,30019,0.00
30021,30021,0.00
30023,30023,0.00
30025,30025,0.00
30027,30027,0.00
30029,30029,0.00
30031,30031,0.20
30033,30033,0.00
30035,30035,0.00
30037,30037,0.00
30039,30039,0.00
30041,30041,0.00
30043,30043,0.00
30045,30045,0.00
30047,30047,0.00
30049,30049,0.00
30051,30051,0.00
30053,30053,0.00
30055,30055,0.00
30057,30057,0.60
30059,30059,0.00
30061,30061,0.00
30063,30063,0.00
30065,30065,0.00
30067,30067,0.36
30069,30069,0.00
30071,30071,0.00
30073,30073,0.00
30075,30075,0.00
30077,30077,0.00
30079,30079,0.00
30081,30081,0.00
30083,30083,0.00
30085,30085,0.00
30087,30087,0.00
30089,30089,0.00
30091,30091,0.00
30093,30093,0.00
30095,30095,0.00
30097,30097,0.00
30099,30099,0.00
30101,30101,0.00
30103,30103,0.00
30105,30105,0.00
30107,30107,0.00
30109,30109,0.00
30111,30111,0.00
31001,31001,1.00
31003,31003,1.00
31005,31005,0.00
31007,31007,0.00
31009,31009,0.00
31011,31011,1.00
31013,31013,0.00
31015,31015,0.00
31017,31017,0.00
31019,31019,1.00
31021,31021,1.00
31023,31023,1.00
31025,31025,1.00
31027,31027,1.00
31029,31029,0.00
31031,31031,0.00
31033,31033,0.00
31035,31035,1.00
31037,31037,1.00
31039,31039,1.00
31041,31041,0.40
31043,31043,1.00
31045,31045,0.00
31047,31047,0.25
31049,31049,0.00
31051,31051,1.00
31053,31053,1.00
31055,31055,1.00
31057,31057,0.00
31059,31059,1.00
31061,31061,1.00
31063,31063,0.00
31065,31065,0.00
31067,31067,1.00
31069,31069,0.00
31071,31071,1.00
31073,31073,0.00
31075,31075,0.00
31077,31077,1.00
31079,31079,1.00
31081,31081,1.00
31083,31083,0.67
31085,31085,0.00
31087,31087,0.00
31089,31089,0.47
31091,31091,0.00
31093,31093,1.00
31095,31095,1.00
31097,31097,1.00
31099,31099,1.00
31101,31101,0.00
31103,31103,0.00
31105,31105,0.00
31107,31107,0.83
31109,31109,1.00
31111,31111,0.00
31113,31113,0.00
31115,31115,0.25
31117,31117,0.00
31119,31119,1.00
31121,31121,1.00
31123,31123,0.00
31125,31125,1.00
31127,31127,1.00
31129,31129,1.00
31131,31131,1.00
31133,31133,1.00
31135,31135,0.00
31137,31137,0.70
31139,31139,1.00
31141,31141,1.00
31143,31143,1.00
31145,31145,0.00
31147,31147,1.00
31149,31149,0.25
31151,31151,1.00
31153,31153,1.00
31155,31155,1.00
31157,31157,0.00
31159,31159,1.00
31161,31161,0.00
31163,31163,1.00
31165,31165,0.00
31167,31167,1.00
31169,31169,1.00
31171,31171,0.00
31173,31173,1.00
31175,31175,1.00
31177,31177,1.00
31179,31179,1.00
31181,31181,1.00
31183,31183,1.00
31185,31185,1.00
32001,32001,0.00
32003,32003,1.00
32005,32005,0.00
32007,32007,0.00
32009,32009,0.33
32011,32011,0.00
32013,32013,0.00
32015,32015,0.00
32017,32017,1.00
32019,32019,0.00
32021,32021,0.00
32023,32023,0.64
32027,32027,0.00
32029,32029,0.00
32031,32031,0.00
32033,32033,0.00
32510,32510,0.00
33001,33001,1.00
33003,33003,0.41
33005,33005,1.00
33007,33007,0.00
33009,33009,0.54
33011,33011,1.00
33013,33013,1.00
33015,33015,1.00
33017,33017,1.00
33019,33019,1.00
34001,34001,1.00
34003,34003,1.00
34005,34005,1.00
34007,34007,1.00
34009,34009,1.00
34011,34011,1.00
34013,34013,1.00
34015,34015,1.00
34017,34017,1.00
34019,34019,1.00
34021,34021,1.00
34023,34023,1.00
34025,34025,1.00
34027,34027,1.00
34029,34029,1.00
34031,34031,1.00
34033,34033,1.00
34035,34035,1.00
34037,34037,1.00
34039,34039,1.00
34041,34041,1.00
35001,35001,1.00
35003,35003,0.57
35005,35005,0.70
35006,35006,1.00
35007,35007,0.82
35009,35009,1.00
35011,35011,1.00
35013,35013,0.00
35015,35015,0.40
35017,35017,0.05
35019,35019,1.00
35021,35021,1.00
35023,35023,0.00
35025,35025,1.00
35027,35027,1.00
35028,35028,1.00
35029,35029,0.00
35031,35031,1.00
35033,35033,1.00
35035,35035,0.11
35037,35037,1.00
35039,35039,1.00
35041,35041,1.00
35043,35043,1.00
35045,35045,1.00
35047,35047,1.00
35049,35049,1.00
35051,35051,0.50
35053,35053,1.00
35055,35055,1.00
35057,35057,1.00
35059,35059,0.56
35061,35061,1.00
36001,36001,1.00
36003,36003,0.41
36005,36005,1.00
36007,36007,1.00
36009,36009,0.07
36011,36011,0.25
36013,36013,0.00
36015,36015,1.00
36017,36017,1.00
36019,36019,0.00
36021,36021,1.00
36023,36023,1.00
36025,36025,1.00
36027,36027,1.00
36029,36029,0.00
36031,36031,0.77
36033,36033,0.04
36035,36035,1.00
36037,36037,0.00
36039,36039,1.00
36041,36041,1.00
36043,36043,1.00
36045,36045,0.00
36047,36047,1.00
36049,36049,0.75
36051,36051,0.00
36053,36053,1.00
36055,36055,0.00
36057,36057,1.00
36059,36059,1.00
36061,36061,1.00
36063,36063,0.00
36065,36065,1.00
36067,36067,0.84
36069,36069,0.00
36071,36071,1.00
36073,36073,0.00
36075,36075,0.48
36077,36077,1.00
36079,36079,1.00
36081,36081,1.00
36083,36083,1.00
36085,36085,1.00
36087,36087,1.00
36089,36089,0.07
36091,36091,1.00
36093,36093,1.00
36095,36095,1.00
36097,36097,0.65
36099,36099,0.00
36101,36101,0.65
36103,36103,1.00
36105,36105,1.00
36107,36107,1.00
36109,36109,0.86
36111,36111,1.00
36113,36113,1.00
36115,36115,1.00
36117,36117,0.00
36119,36119,1.00
36121,36121,0.00
36123,36123,0.00
37001,37001,1.00
37003,37003,0.50
37005,37005,0.22
37007,37007,0.00
37009,37009,0.93
37011,37011,1.00
37013,37013,0.36
37015,37015,0.00
37017,37017,0.68
37019,37019,0.00
37021,37021,1.00
37023,37023,1.00
37025,37025,0.53
37027,37027,1.00
37029,37029,0.00
37031,37031,0.00
37033,37033,0.71
37035,37035,1.00
37037,37037,0.82
37039,37039,1.00
37041,37041,0.00
37043,37043,1.00
37045,37045,1.00
37047,37047,0.19
37049,37049,0.53
37051,37051,1.00
37053,37053,0.00
37055,37055,0.00
37057,37057,1.00
37059,37059,0.83
37061,37061,0.95
37063,37063,0.00
37065,37065,1.00
37067,37067,1.00
37069,37069,0.33
37071,37071,1.00
37073,37073,0.00
37075,37075,1.00
37077,37077,0.00
37079,37079,1.00
37081,37081,1.00
37083,37083,0.27
37085,37085,1.00
37087,37087,1.00
37089,37089,1.00
37091,37091,0.00
37093,37093,1.00
37095,37095,0.00
37097,37097,0.76
37099,37099,1.00
37101,37101,1.00
37103,37103,0.90
37105,37105,1.00
37107,37107,1.00
37109,37109,1.00
37111,37111,1.00
37113,37113,1.00
37115,37115,1.00
37117,37117,0.42
37119,37119,0.94
37121,37121,1.00
37123,37123,0.92
37125,37125,1.00
37127,37127,0.93
37129,37129,0.00
37131,37131,0.00
37133,37133,0.22
37135,37135,0.39
37137,37137,0.00
37139,37139,0.00
37141,37141,0.08
37143,37143,0.00
37145,37145,0.10
37147,37147,0.96
37149,37149,1.00
37151,37151,1.00
37153,37153,0.92
37155,37155,1.00
37157,37157,1.00
37159,37159,0.91
37161,37161,1.00
37163,37163,0.86
37165,37165,1.00
37167,37167,0.62
37169,37169,1.00
37171,37171,0.46
37173,37173,1.00
37175,37175,1.00
37177,37177,0.00
37179,37179,0.07
37181,37181,0.00
37183,37183,0.62
37185,37185,0.00
37187,37187,0.00
37189,37189,1.00
37191,37191,1.00
37193,37193,0.35
37195,37195,1.00
37197,37197,0.71
37199,37199,1.00
38001,38001,0.00
38003,38003,0.00
38005,38005,0.00
38007,38007,0.00
38009,38009,0.00
38011,38011,0.00
38013,38013,0.00
38015,38015,0.00
38017,38017,0.00
38019,38019,0.00
38021,38021,0.00
38023,38023,0.00
38025,38025,0.00
38027,38027,0.00
38029,38029,0.00
38031,38031,0.00
38033,38033,0.00
38035,38035,0.00
38037,38037,0.00
38039,38039,0.00
38041,38041,0.00
38043,38043,0.00
38045,38045,0.00
38047,38047,0.00
38049,38049,0.00
38051,38051,0.00
38053,38053,0.00
38055,38055,0.00
38057,38057,0.00
38059,38059,0.00
38061,38061,0.00
38063,38063,0.00
38065,38065,0.00
38067,38067,0.00
38069,38069,0.00
38071,38071,0.00
38073,38073,0.00
38075,38075,0.00
38077,38077,0.22
38079,38079,0.00
38081,38081,0.00
38083,38083,0.00
38085,38085,0.00
38087,38087,0.00
38089,38089,0.00
38091,38091,0.00
38093,38093,0.00
38095,38095,0.00
38097,38097,0.00
38099,38099,0.00
38101,38101,0.00
38103,38103,0.00
38105,38105,0.00
39001,39001,1.00
39003,39003,1.00
39005,39005,1.00
39007,39007,0.27
39009,39009,1.00
39011,39011,1.00
39013,39013,1.00
39015,39015,1.00
39017,39017,1.00
39019,39019,1.00
39021,39021,1.00
39023,39023,1.00
39025,39025,1.00
39027,39027,1.00
39029,39029,1.00
39031,39031,1.00
39033,39033,1.00
39035,39035,1.00
39037,39037,1.00
39039,39039,1.00
39041,39041,1.00
39043,39043,1.00
39045,39045,1.00
39047,39047,1.00
39049,39049,1.00
39051,39051,1.00
39053,39053,1.00
39055,39055,0.96
39057,39057,1.00
39059,39059,1.00
39061,39061,1.00
39063,39063,1.00
39065,39065,1.00
39067,39067,1.00
39069,39069,1.00
39071,39071,1.00
39073,39073,1.00
39075,39075,1.00
39077,39077,1.00
39079,39079,1.00
39081,39081,1.00
39083,39083,1.00
39085,39085,0.79
39087,39087,1.00
39089,39089,1.00
39091,39091,1.00
39093,39093,1.00
39095,39095,1.00
39097,39097,1.00
39099,39099,1.00
39101,39101,1.00
39103,39103,1.00
39105,39105,1.00
39107,39107,1.00
39109,39109,1.00
39111,39111,1.00
39113,39113,1.00
39115,39115,1.00
39117,39117,1.00
39119,39119,1.00
39121,39121,1.00
39123,39123,1.00
39125,39125,1.00
39127,39127,1.00
39129,39129,1.00
39131,39131,1.00
39133,39133,1.00
39135,39135,1.00
39137,39137,1.00
39139,39139,1.00
39141,39141,1.00
39143,39143,1.00
39145,39145,1.00
39147,39147,1.00
39149,39149,1.00
39151,39151,1.00
39153,39153,1.00
39155,39155,0.82
39157,39157,1.00
39159,39159,1.00
39161,39161,1.00
39163,39163,1.00
39165,39165,1.00
39167,39167,1.00
39169,39169,1.00
39171,39171,1.00
39173,39173,1.00
39175,39175,1.00
40001,40001,1.00
40003,40003,1.00
40005,40005,1.00
40007,40007,0.00
40009,40009,1.00
40011,40011,1.00
40013,40013,1.00
40015,40015,1.00
40017,40017,1.00
40019,40019,1.00
40021,40021,1.00
40023,40023,1.00
40025,40025,0.00
40027,40027,1.00
40029,40029,1.00
40031,40031,1.00
40033,40033,1.00
40035,40035,1.00
40037,40037,1.00
40039,40039,1.00
40041,40041,1.00
40043,40043,1.00
40045,40045,1.00
40047,40047,1.00
40049,40049,1.00
40051,40051,1.00
40053,40053,1.00
40055,40055,1.00
40057,40057,1.00
40059,40059,0.50
40061,40061,1.00
40063,40063,1.00
40065,40065,1.00
40067,40067,1.00
40069,40069,1.00
40071,40071,1.00
40073,40073,1.00
40075,40075,1.00
40077,40077,1.00
40079,40079,1.00
40081,40081,1.00
40083,40083,1.00
40085,40085,1.00
40087,40087,1.00
40089,40089,1.00
40091,40091,1.00
40093,40093,1.00
40095,40095,1.00
40097,40097,1.00
40099,40099,1.00
40101,40101,1.00
40103,40103,1.00
40105,40105,1.00
40107,40107,1.00
40109,40109,1.00
40111,40111,1.00
40113,40113,1.00
40115,40115,1.00
40117,40117,1.00
40119,40119,1.00
40121,40121,1.00
40123,40123,1.00
40125,40125,1.00
40127,40127,1.00
40129,40129,1.00
40131,40131,1.00
40133,40133,1.00
40135,40135,1.00
40137,40137,1.00
40139,40139,0.00
40141,40141,1.00
40143,40143,1.00
40145,40145,1.00
40147,40147,1.00
40149,40149,1.00
40151,40151,1.00
40153,40153,1.00
41001,41001,0.00
41003,41003,0.55
41005,41005,1.00
41007,41007,0.89
41009,41009,1.00
41011,41011,0.00
41013,41013,0.00
41015,41015,0.00
41017,41017,0.00
41019,41019,0.00
41021,41021,0.00
41023,41023,0.00
41025,41025,0.00
41027,41027,1.00
41029,41029,0.00
41031,41031,0.00
41033,41033,0.00
41035,41035,0.00
41037,41037,0.00
41039,41039,0.00
41041,41041,0.28
41043,41043,0.57
41045,41045,0.00
41047,41047,0.97
41049,41049,0.00
41051,41051,1.00
41053,41053,1.00
41055,41055,0.00
41057,41057,1.00
41059,41059,0.00
41061,41061,0.00
41063,41063,0.00
41065,41065,0.57
41067,41067,1.00
41069,41069,0.00
41071,41071,1.00
42001,42001,1.00
42003,42003,1.00
42005,42005,1.00
42007,42007,1.00
42009,42009,1.00
42011,42011,1.00
42013,42013,1.00
42015,42015,1.00
42017,42017,1.00
42019,42019,1.00
42021,42021,1.00
42023,42023,1.00
42025,42025,1.00
42027,42027,1.00
42029,42029,1.00
42031,42031,1.00
42033,42033,1.00
42035,42035,1.00
42037,42037,1.00
42039,42039,1.00
42041,42041,1.00
42043,42043,1.00
42045,42045,1.00
42047,42047,1.00
42049,42049,1.00
42051,42051,1.00
42053,42053,1.00
42055,42055,1.00
42057,42057,1.00
42059,42059,1.00
42061,42061,1.00
42063,42063,1.00
42065,42065,1.00
42067,42067,1.00
42069,42069,1.00
42071,42071,1.00
42073,42073,1.00
42075,42075,1.00
42077,42077,1.00
42079,42079,1.00
42081,42081,1.00
42083,42083,1.00
42085,42085,1.00
42087,42087,1.00
42089,42089,1.00
42091,42091,1.00
42093,42093,1.00
42095,42095,1.00
42097,42097,1.00
42099,42099,1.00
42101,42101,1.00
42103,42103,1.00
42105,42105,1.00
42107,42107,1.00
42109,42109,1.00
42111,42111,1.00
42113,42113,1.00
42115,42115,1.00
42117,42117,1.00
42119,42119,1.00
42121,42121,1.00
42123,42123,1.00
42125,42125,1.00
42127,42127,1.00
42129,42129,1.00
42131,42131,1.00
42133,42133,1.00
44001,44001,1.00
44003,44003,1.00
44005,44005,1.00
44007,44007,1.00
44009,44009,1.00
45001,45001,0.77
45003,45003,0.00
45005,45005,0.00
45007,45007,1.00
45009,45009,0.00
45011,45011,0.00
45013,45013,0.00
45015,45015,0.00
45017,45017,0.00
45019,45019,0.00
45021,45021,1.00
45023,45023,0.60
45025,45025,0.00
45027,45027,0.00
45029,45029,0.00
45031,45031,0.00
45033,45033,0.45
45035,45035,0.00
45037,45037,0.00
45039,45039,0.10
45041,45041,0.00
45043,45043,0.00
45045,45045,1.00
45047,45047,0.33
45049,45049,0.00
45051,45051,0.00
45053,45053,0.00
45055,45055,0.00
45057,45057,0.29
45059,45059,0.50
45061,45061,0.00
45063,45063,0.00
45065,45065,0.18
45067,45067,0.00
45069,45069,0.43
45071,45071,0.00
45073,45073,1.00
45075,45075,0.00
45077,45077,1.00
45079,45079,0.00
45081,45081,0.00
45083,45083,1.00
45085,45085,0.00
45087,45087,0.90
45089,45089,0.00
45091,45091,1.00
46003,46003,0.00
46005,46005,0.00
46007,46007,0.00
46009,46009,0.00
46011,46011,0.00
46013,46013,0.00
46015,46015,0.00
46017,46017,0.00
46019,46019,0.00
46021,46021,0.00
46023,46023,0.00
46025,46025,0.00
46027,46027,0.38
46029,46029,0.00
46031,46031,0.00
46033,46033,0.00
46035,46035,0.00
46037,46037,0.00
46039,46039,0.00
46041,46041,0.00
46043,46043,0.00
46045,46045,0.00
46047,46047,0.00
46049,46049,0.00
46051,46051,0.07
46053,46053,0.00
46055,46055,0.00
46057,46057,0.00
46059,46059,0.00
46061,46061,0.00
46063,46063,0.00
46065,46065,0.00
46067,46067,0.00
46069,46069,0.00
46071,46071,0.00
46073,46073,0.00
46075,46075,0.00
46077,46077,0.00
46079,46079,0.00
46081,46081,0.00
46083,46083,0.00
46085,46085,0.00
46087,46087,0.00
46089,46089,0.00
46091,46091,0.00
46093,46093,0.00
46095,46095,0.00
46097,46097,0.00
46099,46099,0.00
46101,46101,0.00
46103,46103,0.00
46105,46105,0.00
46107,46107,0.00
46109,46109,0.15
46111,46111,0.00
46115,46115,0.00
46117,46117,0.00
46119,46119,0.00
46121,46121,0.00
46123,46123,0.00
46125,46125,0.00
46127,46127,0.57
46129,46129,0.00
46135,46135,0.09
46137,46137,0.00
47001,47001,1.00
47003,47003,1.00
47005,47005,1.00
47007,47007,1.00
47009,47009,1.00
47011,47011,1.00
47013,47013,1.00
47015,47015,1.00
47017,47017,1.00
47019,47019,1.00
47021,47021,1.00
47023,47023,0.92
47025,47025,1.00
47027,47027,1.00
47029,47029,1.00
47031,47031,1.00
47033,47033,1.00
47035,47035,1.00
47037,47037,1.00
47039,47039,1.00
47041,47041,1.00
47043,47043,1.00
47045,47045,1.00
47047,47047,0.94
47049,47049,1.00
47051,47051,1.00
47053,47053,1.00
47055,47055,1.00
47057,47057,1.00
47059,47059,1.00
47061,47061,1.00
47063,47063,1.00
47065,47065,1.00
47067,47067,1.00
47069,47069,0.50
47071,47071,0.36
47073,47073,1.00
47075,47075,1.00
47077,47077,1.00
47079,47079,1.00
47081,47081,1.00
47083,47083,1.00
47085,47085,1.00
47087,47087,1.00
47089,47089,1.00
47091,47091,1.00
47093,47093,1.00
47095,47095,1.00
47097,47097,1.00
47099,47099,0.73
47101,47101,0.83
47103,47103,1.00
47105,47105,1.00
47107,47107,1.00
47109,47109,0.33
47111,47111,1.00
47113,47113,1.00
47115,47115,1.00
47117,47117,1.00
47119,47119,1.00
47121,47121,1.00
47123,47123,1.00
47125,47125,1.00
47127,47127,1.00
47129,47129,1.00
47131,47131,1.00
47133,47133,1.00
47135,47135,1.00
47137,47137,1.00
47139,47139,1.00
47141,47141,1.00
47143,47143,1.00
47145,47145,1.00
47147,47147,1.00
47149,47149,1.00
47151,47151,1.00
47153,47153,1.00
47155,47155,1.00
47157,47157,1.00
47159,47159,1.00
47161,47161,1.00
47163,47163,1.00
47165,47165,1.00
47167,47167,1.00
47169,47169,1.00
47171,47171,1.00
47173,47173,1.00
47175,47175,1.00
47177,47177,1.00
47179,47179,1.00
47181,47181,0.30
47183,47183,1.00
47185,47185,1.00
47187,47187,1.00
47189,47189,1.00
48001,48001,1.00
48003,48003,1.00
48005,48005,1.00
48007,48007,1.00
48009,48009,1.00
48011,48011,1.00
48013,48013,1.00
48015,48015,1.00
48017,48017,1.00
48019,48019,1.00
48021,48021,1.00
48023,48023,1.00
48025,48025,1.00
48027,48027,1.00
48029,48029,1.00
48031,48031,1.00
48033,48033,0.43
48035,48035,1.00
48037,48037,1.00
48039,48039,1.00
48041,48041,1.00
48043,48043,0.00
48045,48045,1.00
48047,48047,0.00
48049,48049,1.00
48051,48051,1.00
48053,48053,1.00
48055,48055,1.00
48057,48057,1.00
48059,48059,0.75
48061,48061,0.00
48063,48063,1.00
48065,48065,1.00
48067,48067,1.00
48069,48069,1.00
48071,48071,1.00
48073,48073,1.00
48075,48075,0.25
48077,48077,1.00
48079,48079,1.00
48081,48081,0.00
48083,48083,0.46
48085,48085,1.00
48087,48087,0.40
48089,48089,1.00
48091,48091,1.00
48093,48093,1.00
48095,48095,0.11
48097,48097,1.00
48099,48099,1.00
48101,48101,0.00
48103,48103,0.00
48105,48105,0.00
48107,48107,0.83
48109,48109,0.00
48111,48111,0.75
48113,48113,1.00
48115,48115,1.00
48117,48117,1.00
48119,48119,1.00
48121,48121,1.00
48123,48123,1.00
48125,48125,0.80
48127,48127,1.00
48129,48129,0.60
48131,48131,1.00
48133,48133,1.00
48135,48135,0.00
48137,48137,1.00
48139,48139,1.00
48141,48141,0.00
48143,48143,1.00
48145,48145,1.00
48147,48147,1.00
48149,48149,1.00
48151,48151,0.00
48153,48153,1.00
48155,48155,0.33
48157,48157,1.00
48159,48159,1.00
48161,48161,1.00
48163,48163,1.00
48165,48165,1.00
48167,48167,1.00
48169,48169,1.00
48171,48171,1.00
48173,48173,0.00
48175,48175,1.00
48177,48177,1.00
48179,48179,0.56
48181,48181,1.00
48183,48183,1.00
48185,48185,1.00
48187,48187,1.00
48189,48189,1.00
48191,48191,0.56
48193,48193,1.00
48195,48195,0.50
48197,48197,1.00
48199,48199,1.00
48201,48201,1.00
48203,48203,0.78
48205,48205,1.00
48207,48207,0.11
48209,48209,1.00
48211,48211,1.00
48213,48213,1.00
48215,48215,0.00
48217,48217,1.00
48219,48219,1.00
48221,48221,1.00
48223,48223,1.00
48225,48225,1.00
48227,48227,0.00
48229,48229,0.00
48231,48231,1.00
48233,48233,0.88
48235,48235,0.00
48237,48237,1.00
48239,48239,1.00
48241,48241,1.00
48243,48243,0.00
48245,48245,1.00
48247,48247,0.00
48249,48249,1.00
48251,48251,1.00
48253,48253,0.09
48255,48255,1.00
48257,48257,1.00
48259,48259,1.00
48261,48261,0.00
48263,48263,0.00
48265,48265,1.00
48267,48267,1.00
48269,48269,0.00
48271,48271,1.00
48273,48273,0.50
48275,48275,0.17
48277,48277,1.00
48279,48279,1.00
48281,48281,1.00
48283,48283,1.00
48285,48285,1.00
48287,48287,1.00
48289,48289,1.00
48291,48291,1.00
48293,48293,1.00
48295,48295,0.00
48297,48297,1.00
48299,48299,1.00
48301,48301,0.00
48303,48303,1.00
48305,48305,1.00
48307,48307,1.00
48309,48309,1.00
48311,48311,1.00
48313,48313,1.00
48315,48315,1.00
48317,48317,0.20
48319,48319,1.00
48321,48321,1.00
48323,48323,1.00
48325,48325,1.00
48327,48327,1.00
48329,48329,0.00
48331,48331,1.00
48333,48333,1.00
48335,48335,0.00
48337,48337,1.00
48339,48339,1.00
48341,48341,1.00
48343,48343,1.00
48345,48345,1.00
48347,48347,1.00
48349,48349,1.00
48351,48351,1.00
48353,48353,0.00
48355,48355,1.00
48357,48357,0.00
48359,48359,1.00
48361,48361,1.00
48363,48363,1.00
48365,48365,0.64
48367,48367,1.00
48369,48369,1.00
48371,48371,0.00
48373,48373,1.00
48375,48375,1.00
48377,48377,0.00
48379,48379,1.00
48381,48381,1.00
48383,48383,0.00
48385,48385,1.00
48387,48387,1.00
48389,48389,0.00
48391,48391,1.00
48393,48393,0.00
48395,48395,1.00
48397,48397,1.00
48399,48399,0.00
48401,48401,0.95
48403,48403,1.00
48405,48405,1.00
48407,48407,1.00
48409,48409,1.00
48411,48411,1.00
48413,48413,0.00
48415,48415,0.00
48417,48417,0.80
48419,48419,0.83
48421,48421,0.67
48423,48423,1.00
48425,48425,1.00
48427,48427,0.00
48429,48429,1.00
48431,48431,0.00
48433,48433,0.00
48435,48435,1.00
48437,48437,1.00
48439,48439,1.00
48441,48441,0.00
48443,48443,0.33
48445,48445,1.00
48447,48447,1.00
48449,48449,1.00
48451,48451,0.00
48453,48453,1.00
48455,48455,1.00
48457,48457,1.00
48459,48459,1.00
48461,48461,0.00
48463,48463,1.00
48465,48465,1.00
48467,48467,1.00
48469,48469,1.00
48471,48471,1.00
48473,48473,1.00
48475,48475,0.00
48477,48477,1.00
48479,48479,0.90
48481,48481,1.00
48483,48483,0.71
48485,48485,1.00
48487,48487,1.00
48489,48489,0.00
48491,48491,1.00
48493,48493,1.00
48495,48495,0.00
48497,48497,1.00
48499,48499,1.00
48501,48501,1.00
48503,48503,1.00
48505,48505,0.33
48507,48507,1.00
49001,49001,0.00
49003,49003,0.94
49005,49005,1.00
49007,49007,0.00
49009,49009,0.00
49011,49011,1.00
49013,49013,0.00
49015,49015,0.00
49017,49017,0.00
49019,49019,0.00
49021,49021,0.57
49023,49023,0.00
49025,49025,0.25
49027,49027,0.00
49029,49029,1.00
49031,49031,0.00
49033,49033,1.00
49035,49035,1.00
49037,49037,0.00
49039,49039,0.00
49041,49041,0.00
49043,49043,0.67
49045,49045,0.25
49047,49047,0.00
49049,49049,0.04
49051,49051,0.17
49053,49053,0.96
49055,49055,0.00
49057,49057,1.00
50001,50001,1.00
50003,50003,1.00
50005,50005,0.00
50007,50007,0.16
50009,50009,0.00
50011,50011,0.00
50013,50013,0.00
50015,50015,0.00
50017,50017,0.81
50019,50019,0.00
50021,50021,1.00
50023,50023,0.31
50025,50025,1.00
50027,50027,1.00
51001,51001,1.00
51003,51003,0.00
51005,51005,0.00
51007,51007,0.00
51009,51009,0.00
51011,51011,0.00
51013,51013,1.00
51015,51015,0.00
51017,51017,0.00
51019,51019,0.00
51021,51021,0.00
51023,51023,0.00
51025,51025,0.00
51027,51027,1.00
51029,51029,0.00
51031,51031,0.00
51033,51033,1.00
51035,51035,0.00
51036,51036,1.00
51037,51037,0.00
51041,51041,0.00
51043,51043,1.00
51045,51045,0.00
51047,51047,1.00
51049,51049,0.00
51051,51051,1.00
51053,51053,0.00
51057,51057,1.00
51059,51059,1.00
51061,51061,1.00
51063,51063,0.00
51065,51065,0.00
51067,51067,0.00
51069,51069,1.00
51071,51071,0.00
51073,51073,1.00
51075,51075,0.06
51077,51077,0.33
51079,51079,0.00
51081,51081,0.00
51083,51083,0.00
51085,51085,0.80
51087,51087,0.76
51089,51089,0.27
51091,51091,0.00
51093,51093,0.00
51095,51095,1.00
51097,51097,1.00
51099,51099,1.00
51101,51101,1.00
51103,51103,1.00
51105,51105,1.00
51107,51107,1.00
51109,51109,0.25
51111,51111,0.00
51113,51113,0.52
51115,51115,1.00
51117,51117,0.00
51119,51119,1.00
51121,51121,0.00
51125,51125,0.00
51127,51127,1.00
51131,51131,1.00
51133,51133,1.00
51135,51135,0.00
51137,51137,0.50
51139,51139,0.67
51141,51141,0.19
51143,51143,0.05
51145,51145,0.00
51147,51147,0.00
51149,51149,0.00
51153,51153,1.00
51155,51155,0.00
51157,51157,1.00
51159,51159,1.00
51161,51161,0.00
51163,51163,0.00
51165,51165,0.08
51167,51167,1.00
51169,51169,1.00
51171,51171,0.94
51173,51173,0.54
51175,51175,0.00
51177,51177,0.88
51179,51179,1.00
51181,51181,0.10
51183,51183,0.00
51185,51185,0.50
51187,51187,1.00
51191,51191,1.00
51193,51193,1.00
51195,51195,1.00
51197,51197,0.00
51199,51199,1.00
51510,51510,1.00
51520,51520,1.00
51530,51530,0.00
51540,51540,0.00
51550,51550,0.00
51570,51570,0.00
51580,51580,0.00
51590,51590,0.00
51595,51595,0.00
51600,51600,1.00
51610,51610,1.00
51620,51620,0.00
51630,51630,1.00
51640,51640,0.00
51650,51650,0.80
51660,51660,0.00
51670,51670,0.00
51678,51678,0.00
51680,51680,0.00
51683,51683,1.00
51685,51685,1.00
51690,51690,0.00
51700,51700,0.60
51710,51710,0.00
51720,51720,1.00
51730,51730,0.00
51735,51735,1.00
51740,51740,0.00
51750,51750,0.00
51760,51760,0.30
51770,51770,0.00
51775,51775,0.00
51790,51790,0.00
51800,51800,0.00
51810,51810,0.00
51820,51820,0.00
51830,51830,1.00
51840,51840,1.00
53001,53001,0.00
53003,53003,0.00
53005,53005,0.00
53007,53007,0.00
53009,53009,0.00
53011,53011,0.96
53013,53013,0.00
53015,53015,1.00
53017,53017,0.00
53019,53019,0.00
53021,53021,0.00
53023,53023,0.00
53025,53025,0.00
53027,53027,0.00
53029,53029,0.50
53031,53031,0.00
53033,53033,0.88
53035,53035,0.56
53037,53037,0.00
53039,53039,0.33
53041,53041,0.46
53043,53043,0.00
53045,53045,0.00
53047,53047,0.00
53049,53049,0.06
53051,53051,0.00
53053,53053,0.00
53055,53055,0.00
53057,53057,0.06
53059,53059,1.00
53061,53061,0.98
53063,53063,0.00
53065,53065,0.00
53067,53067,0.00
53069,53069,0.83
53071,53071,0.00
53073,53073,0.00
53075,53075,0.00
53077,53077,0.00
54001,54001,0.00
54003,54003,1.00
54005,54005,0.93
54007,54007,0.50
54009,54009,1.00
54011,54011,0.98
54013,54013,1.00
54015,54015,0.81
54017,54017,1.00
54019,54019,0.00
54021,54021,1.00
54023,54023,0.58
54025,54025,0.00
54027,54027,1.00
54029,54029,1.00
54031,54031,0.75
54033,54033,0.84
54035,54035,1.00
54037,54037,1.00
54039,54039,0.83
54041,54041,0.54
54043,54043,1.00
54045,54045,1.00
54047,54047,0.56
54049,54049,0.58
54051,54051,1.00
54053,54053,1.00
54055,54055,0.00
54057,54057,1.00
54059,54059,1.00
54061,54061,0.32
54063,54063,0.00
54065,54065,1.00
54067,54067,0.08
54069,54069,1.00
54071,54071,0.00
54073,54073,1.00
54075,54075,0.00
54077,54077,0.00
54079,54079,1.00
54081,54081,0.02
54083,54083,0.00
54085,54085,1.00
54087,54087,1.00
54089,54089,0.00
54091,54091,0.10
54093,54093,0.00
54095,54095,1.00
54097,54097,0.07
54099,54099,1.00
54101,54101,0.00
54103,54103,1.00
54105,54105,1.00
54107,54107,1.00
54109,54109,0.54
55001,55001,0.00
55003,55003,0.82
55005,55005,1.00
55007,55007,0.93
55009,55009,0.00
55011,55011,1.00
55013,55013,1.00
55015,55015,0.00
55017,55017,1.00
55019,55019,0.14
55021,55021,0.00
55023,55023,0.00
55025,55025,0.00
55027,55027,0.00
55029,55029,0.00
55031,55031,1.00
55033,55033,1.00
55035,55035,1.00
55037,55037,0.00
55039,55039,0.00
55041,55041,0.00
55043,55043,0.00
55045,55045,0.00
55047,55047,0.00
55049,55049,0.00
55051,55051,0.10
55053,55053,0.13
55055,55055,0.00
55057,55057,0.00
55059,55059,1.00
55061,55061,0.00
55063,55063,0.00
55065,55065,0.00
55067,55067,0.00
55069,55069,0.00
55071,55071,0.00
55073,55073,0.00
55075,55075,0.00
55077,55077,0.00
55078,55078,0.00
55079,55079,0.02
55081,55081,0.00
55083,55083,0.00
55085,55085,0.00
55087,55087,0.00
55089,55089,0.00
55091,55091,1.00
55093,55093,1.00
55095,55095,1.00
55097,55097,0.00
55099,55099,0.29
55101,55101,0.85
55103,55103,0.00
55105,55105,0.09
55107,55107,1.00
55109,55109,1.00
55111,55111,0.00
55113,55113,0.82
55115,55115,0.00
55117,55117,0.00
55119,55119,0.33
55121,55121,0.53
55123,55123,0.00
55125,55125,0.00
55127,55127,0.65
55129,55129,1.00
55131,55131,0.00
55133,55133,0.03
55135,55135,0.05
55137,55137,0.00
55139,55139,0.00
55141,55141,0.00
56001,56001,0.00
56003,56003,0.00
56005,56005,0.00
56007,56007,0.00
56009,56009,0.00
56011,56011,0.00
56013,56013,0.13
56015,56015,0.00
56017,56017,0.00
56019,56019,0.00
56021,56021,0.00
56023,56023,1.00
56025,56025,0.00
56027,56027,0.00
56029,56029,0.38
56031,56031,0.00
56033,56033,0.00
56035,56035,1.00
56037,56037,0.00
56039,56039,1.00
56041,56041,0.00
56043,56043,0.00
56045,56045,0.00
66010,66010,0.00
72001,72001,0.00
72003,72003,0.00
72005,72005,0.00
72007,72007,0.00
72009,72009,0.00
72011,72011,0.00
72013,72013,0.00
72015,72015,0.00
72017,72017,0.00
72019,72019,0.00
72021,72021,0.00
72023,72023,0.00
72025,72025,0.00
72027,72027,0.00
72029,72029,0.00
72031,72031,0.00
72033,72033,0.00
72035,72035,0.00
72037,72037,0.00
72039,72039,0.00
72041,72041,0.00
72043,72043,0.00
72045,72045,0.00
72047,72047,0.00
72049,72049,0.00
72051,72051,0.00
72053,72053,0.00
72054,72054,0.00
72055,72055,0.00
72057,72057,0.00
72059,72059,0.00
72061,72061,0.00
72063,72063,0.00
72065,72065,0.00
72067,72067,0.00
72069,72069,0.00
72071,72071,0.00
72073,72073,0.00
72075,72075,0.00
72077,72077,0.00
72079,72079,0.00
72081,72081,0.00
72083,72083,0.00
72085,72085,0.00
72087,72087,0.00
72089,72089,0.00
72091,72091,0.00
72093,72093,0.00
72095,72095,0.00
72097,72097,0.00
72099,72099,0.00
72101,72101,0.00
72103,72103,0.00
72105,72105,0.00
72107,72107,0.00
72109,72109,0.00
72111,72111,0.00
72113,72113,0.00
72115,72115,0.00
72117,72117,0.00
72119,72119,0.00
72121,72121,0.00
72123,72123,0.00
72125,72125,0.00
72127,72127,0.00
72129,72129,0.00
72131,72131,0.00
72133,72133,0.00
72135,72135,0.00
72137,72137,0.00
72139,72139,0.00
72141,72141,0.00
72143,72143,0.00
72145,72145,0.00
72147,72147,0.00
72149,72149,0.00
72151,72151,0.00
72153,72153,0.00
78010,78010,0.00
78020,78020,0.00
78030,78030,0.00